<?xml version="1.0" encoding="utf-8"?>
<install type="module" version="1.5.0">
	<name>RokAjaxSearch</name>
	<author>RocketTheme, LLC</author>
	<creationDate>July 1, 2010</creationDate>
	<authorEmail>support@rockettheme.com</authorEmail>
	<authorUrl>http://www.rockettheme.com</authorUrl>
	<copyright>(C) 2005 - 2010 RocketTheme, LLC. All rights reserved.</copyright>
	<license>http://www.gnu.org/copyleft/gpl.html GNU/GPL</license>
	<version>1.9</version>
	<description>RokAjaxSearch is an ajaxian searcher that displays the results immediately and allows to choose the proper one.</description>
	<files>
		<filename module="mod_rokajaxsearch">mod_rokajaxsearch.php</filename>
		<filename>RT-LICENSE.php</filename>
		<filename>CHANGELOG.php</filename>
		<filename>helper.php</filename>
		<filename>index.html</filename>
		<folder>tmpl/</folder>
		<folder>js/</folder>
		<folder>css/</folder>
		<folder>images/</folder>
		<folder>themes/</folder>
	</files>
	<languages>
		<language tag="en-GB">en-GB.mod_rokajaxsearch.ini</language>
	</languages>
	<params>
		<param name="moduleclass_sfx" type="text" default="" label="Module Class Suffix" description="PARAMMODULECLASSSUFFIX" />
		<param name="search_page" type="text" default="index.php?option=com_search&amp;view=search&amp;tmpl=component" label="Search page URL." description="Relative path to your search page. &lt;br /&gt;Example: index.php?option=com_search" />
		<param name="adv_search_page" type="text" default="index.php?option=com_search&amp;view=search" label="Advanced Search page URL." description="Relative path to your advanced search page. &lt;br /&gt;Example: index.php?option=com_search&amp;view=search" />
		<param name="@spacer" type="spacer" default="" label="Style options" description="" />
		<param name="include_css" type="radio" default="1" label="Include RokAjaxSearch default CSS">
			<option value="0">No</option>
			<option value="1">Yes</option>
		</param>
		<param name="theme" type="list" default="blue" label="Theme Style">
			<option value="blue">Blue</option>
			<option value="light">Light</option>
			<option value="dark">Dark</option>
		</param>
		<param name="@spacer" type="spacer" default="" label="Advanced search" description="This part is for you to change to your needs. These will be the default search alternatives passed to com_search. Same options as on the com_search page." />
		<param name="searchphrase" type="list" default="any" label="Searchphrase">
			<option value="any">Any words</option>
			<option value="all">All words</option>
			<option value="exact">Exact phrase</option>
		</param>
		<param name="ordering" type="list" default="newest" label="Ordering">
			<option value="alpha">Alphabetical</option>
			<option value="category">Section/Category</option>
			<option value="newest">Newest first</option>
			<option value="oldest">Oldest first</option>
			<option value="popular">Most popular</option>
		</param>
		<param name="limit" type="list" default="10" label="Limit">
			<option value="3">3</option>
			<option value="5">5</option>
			<option value="10">10</option>
			<option value="15">15</option>
			<option value="20">20</option>
			<option value="25">25</option>
			<option value="30">30</option>
			<option value="50">50</option>
		</param>
		<param name="perpage" type="list" default="3" label="Results per page">
			<option value="3">3</option>
			<option value="5">5</option>
			<option value="10">10</option>
			<option value="15">15</option>
			<option value="20">20</option>
			<option value="25">25</option>
			<option value="30">30</option>
			<option value="50">50</option>
		</param>
		<param name="@spacer" type="spacer" />
		<param name="websearch" type="radio" default="0" label="Google Web Search" description="Enabling this will allow you to use Google API Search for searching the web via RokAjaxSearch. Note that the API Key is needed">
				<option value="1">Yes</option>
				<option value="0">No</option>
		</param>
		<param name="blogsearch" type="radio" default="0" label="Google Blog Search" description="Enabling this will allow you to use Google API Search for searching blogs content via RokAjaxSearch. Note that the API Key is needed">
				<option value="1">Yes</option>
				<option value="0">No</option>
		</param>
		<param name="imagesearch" type="radio" default="0" label="Google Images Search" description="Enabling this will allow you to use Google API Search for searching images via RokAjaxSearch. Note that the API Key is needed">
				<option value="1">Yes</option>
				<option value="0">No</option>
		</param>
		<param name="videosearch" type="radio" default="0" label="Google Videos Search" description="Enabling this will allow you to use Google API Search for searching vidoes via RokAjaxSearch. Note that the API Key is needed">
				<option value="1">Yes</option>
				<option value="0">No</option>
		</param>
		<param name="websearch_api" type="text" default="" label="Google Ajax Search API Key" description="In order to use RokAjaxSearch Web Search, you need a Google Ajax Search API Key. You can generate one for free at: http://code.google.com/apis/ajaxsearch/signup.html" />
		<param name="show_pagination" type="radio" default="1" label="Show Pagination" description="Set this option to yes, if you want to show the pagination on google's results.">
			<option value="1">Yes</option>
			<option value="0">No</option>
		</param>
		<param name="safesearch" type="radio" default="MODERATE" label="Google SafeSearch" description="Search results will be restricted to results based on the safesearch value">
			<option value="STRICT">Strict</option>
			<option value="MODERATE">Moderate</option>
			<option value="OFF">Off</option>
		</param>
		<param name="image_size" type="radio" default="MEDIUM" label="Image Size to search" description="Image sizes to search for, works only when Image Search is enabled.">
			<option value="SMALL">Small</option>
			<option value="MEDIUM">Medium</option>
			<option value="LARGE">Large</option>
			<option value="EXTRA_LARGE">Extra Large</option>
		</param>
		<param name="show_estimated" type="radio" default="1" label="Show Estimated" description="Set this option to yes, if you want to show the estimated google results count.">
			<option value="1">Yes</option>
			<option value="0">No</option>
		</param>
		<param name="@spacer" type="spacer" default="" label="Advanced settings" description="Here are some advance settings." />
		<param name="hide_divs" type="text" default="" label="Hide div id(s)" description="If you want to hide one or more div tags on your page, input div ids here, seperate with space." />
		<param name="include_link" type="radio" default="1" label="Link to all results" description="Set this option to yes, if you want a text to appear at the bottom of the result list that links to com_search page.">
			<option value="1">Yes</option>
			<option value="0">No</option>
		</param>
		<param name="show_description" type="radio" default="1" label="Show Description" description="Set this option to yes, if you want to show the description on each result item.">
			<option value="1">Yes</option>
			<option value="0">No</option>
		</param>
		<param name="include_category" type="radio" default="1" label="Include (Category/Section)" description="Set this option to yes, if you want category and section to show up under each title.">
			<option value="1">Yes</option>
			<option value="0">No</option>
		</param>
		<param name="show_readmore" type="radio" default="1" label="Show Read More link" description="Set this option to yes, if you want the read more link to show up under the description.">
			<option value="1">Yes</option>
			<option value="0">No</option>
		</param>
	</params>
</install>