<?xml version="1.0" encoding="utf-8"?>
<install version="1.5.10" type="plugin" group="system" method="upgrade">
	<name>System - RokGantry Cache</name>
	<author>RocketTheme, LLC</author>
	<creationDate>December 14, 2009</creationDate>
	<copyright>http://www.gnu.org/licenses/gpl-2.0.html GNU/GPL</copyright>
	<license>LGPL</license>
	<authorEmail>support@rockettheme.com</authorEmail>
	<authorUrl>http://www.rockettheme.com</authorUrl>
	<version>1.0</version>
	<description></description>
	<files>
		<filename plugin="rokgantrycache">rokgantrycache.php</filename>
	</files>
</install>
