<?xml version="1.0" encoding="utf-8"?>
<install version="1.5" type="plugin" group="roknavmenu">
	<name>RokNavMenu - Boost</name>
	<author>RocketTheme, LLC</author>
	<creationDate>July 1, 2010</creationDate>
	<authorEmail>support@rockettheme.com</authorEmail>
	<authorUrl>http://www.rockettheme.com</authorUrl>
	<copyright>(C) 2005 - 2010 RocketTheme, LLC. All rights reserved.</copyright>
	<license>http://www.gnu.org/copyleft/gpl.html GNU/GPL</license>
	<version>1.12</version>
	<description></description>
	<files>
		<filename plugin="boost">boost.php</filename>
	</files>
	<languages>
		<language tag="en-GB">en-GB.plg_roknavmenu_boost.ini</language>
	</languages>
</install>